"Player","Role_Type","Mat","Runs","SR","Avg","B_Wkts","B_Econ","TotalValue","optimal_bid","TotalValue_cr","optimal_bid_cr"
"A Ashish Reddy","Batsman",23,280,145.08,18.67,18,9.07,27911214.5951937,2791121.45951937,2.79,0.28
"A Badoni","Batsman",46,962,138.82,27.49,4,8.4,25171745.0685388,2517174.50685388,2.52,0.25
"A Chandila","Batsman",2,4,57.14,2,11,6.21,2e+05,20000,0.02,0
"A Chopra","Batsman",6,53,74.65,10.6,0,9.29654545454545,2e+05,20000,0.02,0
"A Choudhary","Batsman",3,25,125,25,5,8.55,1562822.78970767,156282.278970767,0.16,0.02
"A Dananjaya","Batsman",1,4,80,4,0,11.75,11897115.4161227,1189711.54161227,1.19,0.12
"A Flintoff","Batsman",3,62,116.98,31,2,9.55,2e+05,20000,0.02,0
"A Kamboj","Batsman",6,16,114.29,8,10,9.08,15879422.1344172,1587942.21344172,1.59,0.16
"A Kumble","Bowler",15,35,74.47,17.5,45,6.58,6457576.32627281,645757.632627281,0.65,0.06
"A Manohar","Batsman",20,292,124.26,15.37,0,9.29654545454545,15137586.5901057,1513758.65901057,1.51,0.15
"A Mhatre","Batsman",7,240,188.98,34.29,0,9.29654545454545,19645771.3974963,1964577.13974963,1.96,0.2
"A Mishra","All rounder",55,380,91.13,14.07,174,7.38,95987789.2330357,9598778.92330357,9.6,0.96
"A Mithun","Batsman",6,34,130.77,6.8,7,9.83,23516306.8329645,2351630.68329645,2.35,0.24
"A Mukund","Batsman",2,19,86.36,9.5,0,9.29654545454545,1213490.63116612,121349.063116612,0.12,0.01
"A Nehra","Bowler",17,39,65,6.5,106,7.85,50028020.3628765,5002802.03628765,5,0.5
"A Nortje","Bowler",13,49,100,9.8,61,9.07,38555068.1042756,3855506.81042756,3.86,0.39
"A Raghuvanshi","Batsman",18,463,145.14,28.94,0,9.29654545454545,15206724.2384035,1520672.42384035,1.52,0.15
"A Singh","Bowler",5,2,22.22,0.5,28,7.86,2e+05,20000,0.02,0
"A Symonds","Batsman",36,973,130.6,42.3,20,7.67,17369505.0965664,1736950.50965664,1.74,0.17
"A Tomar","Batsman",1,4,50,4,0,9.29654545454545,2e+05,20000,0.02,0
"A Uniyal","Batsman",2,4,57.14,4,2,11,3054324.76141012,305432.476141012,0.31,0.03
"A Zampa","Bowler",5,15,62.5,3,31,8.38,12302539.3161504,1230253.93161504,1.23,0.12
"AA Bilakhia","Batsman",7,69,82.14,13.8,0,9.29654545454545,2e+05,20000,0.02,0
"AA Chavan","Batsman",3,12,109.09,12,8,7.89,5662623.70025941,566262.370025941,0.57,0.06
"AA Jhunjhunwala","Batsman",15,217,103.83,18.08,1,9.11,4627993.3991475,462799.33991475,0.46,0.05
"AA Kulkarni","Batsman",2,9,112.5,4.5,0,9.29654545454545,13191528.2693636,1319152.82693636,1.32,0.13
"AA Noffke","Batsman",1,9,90,9,1,10,5579981.11767535,557998.111767535,0.56,0.06
"AB Agarkar","Bowler",18,177,117.22,22.12,29,8.83,19072762.088681,1907276.2088681,1.91,0.19
"AB Barath","Batsman",3,42,100,21,0,9.29654545454545,2e+05,20000,0.02,0
"AB Dinda","Bowler",16,26,54.17,2.89,69,8.2,30131720.5430947,3013172.05430947,3.01,0.3
"AB McDonald","Batsman",9,123,123,24.6,11,8.42,6383541.65521687,638354.165521687,0.64,0.06
"AB de Villiers","Batsman",170,5148,151.41,42.2,0,9.29654545454545,118072750.378196,11807275.0378196,11.81,1.18
"AC Blizzard","Batsman",7,120,133.33,17.14,0,9.29654545454545,12547972.6126641,1254797.26126641,1.25,0.13
"AC Gilchrist","Batsman",80,2046,137.96,27.28,1,0,19192904.2308183,1919290.42308183,1.92,0.19
"AC Thomas","Batsman",4,20,105.26,10,14,7.73,8910383.9969614,891038.39969614,0.89,0.09
"AC Voges","Batsman",7,181,126.57,45.25,0,8.44,2e+05,20000,0.02,0
"AD Hales","Batsman",6,147,125.64,24.5,0,9.29654545454545,4985536.91867977,498553.691867977,0.5,0.05
"AD Mascarenhas","Batsman",11,79,101.28,8.78,19,6.94,9916538.9376213,991653.89376213,0.99,0.1
"AD Mathews","All rounder",41,722,126,25.79,27,8.18,28517926.9931469,2851792.69931469,2.85,0.29
"AD Nath","Batsman",10,90,91.84,9,0,9.29654545454545,5031258.70828893,503125.870828893,0.5,0.05
"AD Russell","All rounder",114,2632,174.54,29.57,123,9.51,143546999.377365,14354699.9377365,14.35,1.44
"AF Milne","Batsman",6,23,79.31,5.75,7,9.48,6485618.85466141,648561.885466141,0.65,0.06
"AG Murtaza","Batsman",3,10,71.43,10,9,7.11,2e+05,20000,0.02,0
"AG Paunikar","Batsman",5,48,87.27,9.6,0,9.29654545454545,2112869.9937594,211286.99937594,0.21,0.02
"AJ Finch","Batsman",90,2083,128.11,25.4,1,9.35,51776957.2025481,5177695.72025481,5.18,0.52
"AJ Hosein","Batsman",1,16,160,16,1,10,22497062.7108207,2249706.27108207,2.25,0.22
"AJ Turner","Batsman",6,24,85.71,4.8,0,9.29654545454545,4804973.30075533,480497.330075533,0.48,0.05
"AJ Tye","Bowler",13,91,121.33,11.38,42,8.59,32992089.5002969,3299208.95002969,3.3,0.33
"AK Markram","Batsman",55,1434,135.03,31.17,6,8.79,34780700.7846025,3478070.07846025,3.48,0.35
"AL Menaria","Batsman",23,395,111.58,18.81,3,7.85,7342054.38252199,734205.438252199,0.73,0.07
"AM Nayar","Batsman",50,664,115.88,18.44,9,8.44,20769815.5251606,2076981.55251606,2.08,0.21
"AM Rahane","Batsman",183,5030,125.09,31.64,1,5,100394335.097593,10039433.5097593,10.04,1
"AN Ahmed","Batsman",6,36,138.46,36,12,8.69,1813315.63048992,181331.563048992,0.18,0.02
"AN Ghosh","Batsman",2,7,87.5,3.5,0,9.29654545454545,5987382.64753305,598738.264753305,0.6,0.06
"AP Dole","Batsman",2,34,154.55,17,5,10.18,23239433.7462261,2323943.37462261,2.32,0.23
"AP Majumdar","Batsman",4,87,114.47,21.75,0,9.29654545454545,2166075.46792851,216607.546792851,0.22,0.02
"AP Tare","Batsman",27,339,124.63,14.12,0,9.29654545454545,17349703.8992718,1734970.38992718,1.73,0.17
"AR Bawne","Batsman",1,12,100,12,0,9.29654545454545,3422020.72366105,342202.072366105,0.34,0.03
"AR Patel","All rounder",123,1906,133.75,22.69,128,7.37,113835399.800702,11383539.9800702,11.38,1.14
"AS Joseph","Bowler",5,27,84.38,27,21,9.55,2e+05,20000,0.02,0
"AS Rajpoot","Bowler",7,26,63.41,6.5,24,9.23,9319873.24416726,931987.324416726,0.93,0.09
"AS Raut","Batsman",16,194,116.17,21.56,0,8.8,3623889.7631465,362388.97631465,0.36,0.04
"AS Roy","Batsman",7,26,104,6.5,6,8.17,8589963.47440006,858996.347440006,0.86,0.09
"AS Yadav","Batsman",6,49,125.64,9.8,0,9.29654545454545,14165531.1117721,1416553.11117721,1.42,0.14
"AT Carey","Batsman",3,32,110.34,16,0,9.29654545454545,4049508.02576444,404950.802576444,0.4,0.04
"AT Rayudu","Batsman",185,4325,127.54,29.22,0,9.29654545454545,101109144.918231,10110914.4918231,10.11,1.01
"AU Rashid","Batsman",2,21,140,10.5,2,9.1,17904912.0197967,1790491.20197967,1.79,0.18
"AUK Pathan","Batsman",7,39,169.57,7.8,0,9.69,30848767.6206774,3084876.76206774,3.08,0.31
"Abdul Basith","Batsman",1,1,100,1,0,9.29654545454545,11771634.8880042,1177163.48880042,1.18,0.12
"Abdul Samad","Batsman",51,738,151.54,20.5,2,12.75,43791972.3195335,4379197.23195335,4.38,0.44
"Abdur Razzak","Batsman",1,0,0,0,0,14.5,2e+05,20000,0.02,0
"Abhishek Sharma","Batsman",74,1808,163.18,27.39,11,8.95,58864639.0119926,5886463.90119926,5.89,0.59
"Abishek Porel","Batsman",29,660,150,26.4,0,9.29654545454545,23416635.8596778,2341663.58596778,2.34,0.23
"Akash Deep","Batsman",5,25,178.57,8.33,10,11.83,46061065.8991122,4606106.58991122,4.61,0.46
"Akash Madhwal","Bowler",2,8,57.14,4,24,10.06,11819755.5554765,1181975.55554765,1.18,0.12
"Aman Hakim Khan","Batsman",10,115,110.58,12.78,0,13,21831711.5835445,2183171.15835445,2.18,0.22
"Aniket Verma","Batsman",12,236,166.2,26.22,0,9.29654545454545,18633571.4483737,1863357.14483738,1.86,0.19
"Anirudh Singh","Batsman",4,63,95.45,15.75,0,9.29654545454545,252627.216464099,25262.7216464099,0.03,0
"Ankit Sharma","Batsman",10,87,129.85,12.43,12,7.36,13995133.6922886,1399513.36922886,1.4,0.14
"Ankit Soni","Batsman",3,7,77.78,3.5,2,7.93,2e+05,20000,0.02,0
"Anmolpreet Singh","Batsman",9,139,120.87,15.44,0,9.29654545454545,10372906.6985908,1037290.66985908,1.04,0.1
"Anuj Rawat","Batsman",21,318,119.1,22.71,0,9.29654545454545,8370532.72475518,837053.272475518,0.84,0.08
"Anureet Singh","Batsman",8,36,76.6,9,18,9.07,7938892.30661383,793889.230661383,0.79,0.08
"Arjun Tendulkar","Batsman",1,13,144.44,13,3,9.37,18677934.227891,1867793.4227891,1.87,0.19
"Arshad Khan","Batsman",10,119,141.67,23.8,12,11.47,24273302.598621,2427330.2598621,2.43,0.24
"Arshad Khan (2)","Batsman",1,5,125,5,0,12,26321106.6885562,2632110.66885562,2.63,0.26
"Arshdeep Singh","Bowler",13,31,67.39,5.17,97,9,50822415.5348322,5082241.55348322,5.08,0.51
"Ashutosh Sharma","Batsman",18,386,163.56,27.57,0,9.29654545454545,20300433.8293897,2030043.38293897,2.03,0.2
"Atharva Taide","Batsman",10,260,146.89,28.89,0,24,63444620.010884,6344462.0010884,6.34,0.63
"Avesh Khan","Bowler",12,62,167.57,31,88,9.12,58662828.9771667,5866282.89771667,5.87,0.59
"Azhar Mahmood","All rounder",21,388,128.05,20.42,29,7.82,25249721.6425397,2524972.16425397,2.52,0.25
"Azmatullah Omarzai","Batsman",9,99,133.78,12.38,12,9.69,23881031.6621014,2388103.16621014,2.39,0.24
"B Akhil","Batsman",11,76,138.18,15.2,6,7.72,12216099.2414807,1221609.92414807,1.22,0.12
"B Chipli","Batsman",21,280,112,18.67,0,20,46567036.990946,4656703.6990946,4.66,0.47
"B Indrajith","Batsman",3,21,70,7,0,9.29654545454545,2e+05,20000,0.02,0
"B Kumar","All rounder",71,320,91.43,9.14,198,7.69,112741181.8441,11274118.18441,11.27,1.13
"B Laughlin","Batsman",4,5,38.46,2.5,10,10.07,2e+05,20000,0.02,0
"B Lee","Bowler",19,124,129.17,13.78,25,7.51,21241623.7410691,2124162.37410691,2.12,0.21
"B Sai Sudharsan","Batsman",40,1777,145.66,50.77,0,9.29654545454545,29486859.5953898,2948685.95953898,2.95,0.29
"B Stanlake","Batsman",1,5,250,5,7,8.33,56749359.8528649,5674935.98528649,5.67,0.57
"B Sumanth","Batsman",4,35,94.59,35,0,9.29654545454545,2e+05,20000,0.02,0
"BA Bhatt","Batsman",2,6,85.71,3,12,8.05,7897555.77052986,789755.577052986,0.79,0.08
"BA Stokes","All rounder",43,934,134.39,24.58,28,8.64,39351867.5472953,3935186.75472953,3.94,0.39
"BAW Mendis","Batsman",3,3,50,1.5,8,7.45,2e+05,20000,0.02,0
"BB McCullum","Batsman",109,2857,131.3,28.01,0,9.29654545454545,68389808.6943914,6838980.86943914,6.84,0.68
"BB Samantray","Batsman",8,125,110.62,25,0,9.29654545454545,2e+05,20000,0.02,0
"BB Sran","Batsman",6,9,69.23,9,18,9.4,6134650.10305164,613465.010305164,0.61,0.06
"BCJ Cutting","Batsman",17,238,168.79,23.8,10,9.16,26376434.9613444,2637643.49613444,2.64,0.26
"BE Hendricks","Batsman",2,1,33.33,1,9,9.4,2e+05,20000,0.02,0
"BJ Haddin","Batsman",1,18,163.64,18,0,9.29654545454545,19078360.9410284,1907836.09410284,1.91,0.19
"BJ Hodge","Batsman",63,1399,125.81,34.12,17,7.77,31084973.2704214,3108497.32704214,3.11,0.31
"BJ Rohrer","Batsman",8,193,136.88,32.17,0,12,13289621.2682323,1328962.12682323,1.33,0.13
"BKG Mendis","Batsman",1,20,200,20,0,9.29654545454545,29107391.8086842,2910739.18086842,2.91,0.29
"BMAJ Mendis","Batsman",3,23,85.19,7.67,1,7.2,2e+05,20000,0.02,0
"BR Dunk","Batsman",3,40,114.29,13.33,0,9.29654545454545,7584001.57754482,758400.157754482,0.76,0.08
"BR Sharath","Batsman",1,2,40,2,0,9.29654545454545,2e+05,20000,0.02,0
"Basil Thampi","Bowler",7,32,91.43,32,22,9.74,2e+05,20000,0.02,0
"Bipul Sharma","Batsman",17,187,152.03,31.17,17,8.06,13974510.1180454,1397451.01180454,1.4,0.14
"C Bosch","Batsman",2,47,146.88,23.5,1,7.86,5559803.93318572,555980.393318572,0.56,0.06
"C Green","Batsman",28,699,152.95,41.12,16,9.08,21729178.496979,2172917.8496979,2.17,0.22
"C Madan","Batsman",1,14,77.78,14,0,9.29654545454545,2e+05,20000,0.02,0
"C Munro","Batsman",11,177,125.53,19.67,0,7.5,3033668.18154942,303366.818154942,0.3,0.03
"C Nanda","Batsman",1,0,0,0,2,7.12,2e+05,20000,0.02,0
"C Sakariya","Batsman",7,20,66.67,4,20,8.62,7806884.40227468,780688.440227468,0.78,0.08
"C de Grandhomme","Batsman",21,297,132.59,21.21,6,8.86,15051935.7326622,1505193.57326622,1.51,0.15
"CA Ingram","Batsman",15,205,114.53,17.08,0,9.29654545454545,8642967.53017065,864296.753017065,0.86,0.09
"CA Lynn","Batsman",42,1317,139.96,34.66,0,9.29654545454545,29363989.8781969,2936398.98781969,2.94,0.29
"CA Pujara","Batsman",22,390,100,21.67,0,9.29654545454545,4828689.75569096,482868.975569096,0.48,0.05
"CH Gayle","Batsman",141,4956,148.78,40.29,18,7.9,119028413.558433,11902841.3558433,11.9,1.19
"CH Morris","All rounder",49,612,154.16,21.86,96,8.03,75103071.6637753,7510307.16637753,7.51,0.75
"CJ Anderson","Batsman",29,538,127.79,24.45,11,10.46,25156131.3991954,2515613.13991954,2.52,0.25
"CJ Ferguson","Batsman",8,98,83.76,16.33,0,9.29654545454545,2e+05,20000,0.02,0
"CJ Jordan","Bowler",12,81,105.19,9,30,9.62,26608335.269053,2660833.5269053,2.66,0.27
"CJ McKay","Batsman",1,8,53.33,8,1,8.57,2e+05,20000,0.02,0
"CK Kapugedera","Batsman",3,16,72.73,5.33,0,17.29,28599523.7399758,2859952.37399758,2.86,0.29
"CK Langeveldt","Batsman",2,8,88.89,4,13,7.19,5650132.3117513,565013.23117513,0.57,0.06
"CL White","Batsman",45,962,127.08,28.29,1,12.29,33057407.3055174,3305740.73055174,3.31,0.33
"CM Gautam","Batsman",13,169,113.42,18.78,0,9.29654545454545,6104798.27887461,610479.827887461,0.61,0.06
"CR Brathwaite","Batsman",14,180,163.64,13.85,13,8.95,32042864.9946758,3204286.49946758,3.2,0.32
"CR Woakes","Bowler",12,78,101.3,15.6,30,8.97,17815940.5854826,1781594.05854826,1.78,0.18
"CRD Fernando","Batsman",2,4,133.33,2,17,7.64,25025844.2378984,2502584.42378984,2.5,0.25
"CV Varun","Bowler",11,26,55.32,13,100,7.58,37314140.8902447,3731414.08902447,3.73,0.37
"D Brevis","Batsman",16,455,153.2,28.44,1,16,42433103.1377013,4243310.31377013,4.24,0.42
"D Ferreira","Batsman",3,9,64.29,3,0,9.29654545454545,2e+05,20000,0.02,0
"D Kalyankrishna","Batsman",1,3,37.5,3,2,10.88,2e+05,20000,0.02,0
"D Padikkal","Batsman",74,1802,126.46,25.74,0,9.29654545454545,43576589.3735902,4357658.93735902,4.36,0.44
"D Pretorius","Batsman",5,44,157.14,11,6,9.52,27187858.5508109,2718785.85508109,2.72,0.27
"D Salunkhe","Batsman",3,33,137.5,33,1,9.96,2304879.89510605,230487.989510605,0.23,0.02
"D Wiese","Batsman",11,147,147,29.4,16,8.92,15334785.4801922,1533478.54801922,1.53,0.15
"D du Preez","Batsman",1,10,76.92,10,4,8,2e+05,20000,0.02,0
"DA Miller","Batsman",133,3062,138.43,37.34,0,9.29654545454545,68218729.0818898,6821872.90818898,6.82,0.68
"DA Warner","Batsman",184,6537,139.68,41.64,0,12,157416775.889661,15741677.5889661,15.74,1.57
"DAJ Bracewell","Batsman",1,12,133.33,12,3,8,11020376.9420437,1102037.69420437,1.1,0.11
"DB Das","Batsman",22,304,116.92,25.33,0,9.29654545454545,5294810.58496287,529481.058496287,0.53,0.05
"DB Ravi Teja","Batsman",25,373,118.41,19.63,1,9.33,12534459.1552031,1253445.91552031,1.25,0.13
"DE Bollinger","Bowler",4,21,95.45,21,37,7.22,7959157.46268068,795915.746268068,0.8,0.08
"DG Nalkande","Batsman",2,12,100,6,6,10.57,15942073.4786842,1594207.34786842,1.59,0.16
"DH Yagnik","Batsman",17,168,126.32,18.67,0,9.29654545454545,10263918.0647352,1026391.80647352,1.03,0.1
"DJ Bravo","All rounder",110,1546,129.26,22.74,183,8.38,137486385.515564,13748638.5515564,13.75,1.37
"DJ Harris","Batsman",4,111,109.9,37,0,8.67,2e+05,20000,0.02,0
"DJ Hooda","Batsman",101,1480,126.82,18.97,10,8.64,44466991.730534,4446699.1730534,4.45,0.44
"DJ Hussey","Batsman",61,1316,122.99,29.24,8,8.97,31401115.7718076,3140111.57718076,3.14,0.31
"DJ Jacobs","Batsman",7,92,93.88,13.14,0,9.29654545454545,2485808.42391485,248580.842391485,0.25,0.02
"DJ Malan","Batsman",1,26,100,26,0,9.29654545454545,2e+05,20000,0.02,0
"DJ Mitchell","Batsman",15,351,131.46,27,1,12.12,20342207.936385,2034220.7936385,2.03,0.2
"DJ Muthuswami","Batsman",1,1,33.33,1,4,7.21,2e+05,20000,0.02,0
"DJ Thornely","Batsman",4,39,73.58,13,3,5.71,2e+05,20000,0.02,0
"DJ Willey","Batsman",5,53,85.48,26.5,6,7.56,2e+05,20000,0.02,0
"DJG Sammy","Batsman",20,295,122.41,19.67,11,8.9,15852571.4923412,1585257.14923412,1.59,0.16
"DJM Short","Batsman",7,115,116.16,16.43,1,6.33,2e+05,20000,0.02,0
"DL Chahar","Bowler",16,117,139.29,14.62,88,8.14,60313360.6269964,6031336.06269964,6.03,0.6
"DL Vettori","Bowler",16,121,108.04,17.29,28,6.79,10782974.6882752,1078297.46882752,1.08,0.11
"DM Bravo","Batsman",1,6,120,6,0,9.29654545454545,14327919.2723937,1432791.92723937,1.43,0.14
"DNT Zoysa","Batsman",2,11,122.22,11,2,9,11272688.776811,1127268.8776811,1.13,0.11
"DP Conway","Batsman",28,1079,140.13,44.96,0,9.29654545454545,15703318.6537306,1570331.86537306,1.57,0.16
"DP Nannes","Bowler",2,4,30.77,4,28,7.29,2e+05,20000,0.02,0
"DP Vijaykumar","Batsman",1,1,100,1,4,7.86,8832141.06275271,883214.106275271,0.88,0.09
"DPMD Jayawardene","Batsman",78,1806,123.53,31.14,0,9.29654545454545,38513937.9902222,3851393.79902222,3.85,0.39
"DR Martyn","Batsman",1,19,79.17,19,0,9.29654545454545,2e+05,20000,0.02,0
"DR Sams","Batsman",13,44,100,4.89,14,8.72,15342409.0761109,1534240.90761109,1.53,0.15
"DR Shorey","Batsman",2,13,76.47,6.5,0,9.29654545454545,278568.902699582,27856.8902699582,0.03,0
"DR Smith","All rounder",88,2379,135.56,29.74,26,9.02,70261361.9473697,7026136.19473697,7.03,0.7
"DS Kulkarni","Bowler",20,104,96.3,13,86,8.31,47133550.1304922,4713355.01304922,4.71,0.47
"DS Lehmann","Batsman",2,18,100,9,0,9.29654545454545,5912911.38010086,591291.138010086,0.59,0.06
"DS Rathi","Batsman",1,1,33.33,1,14,8.25,2e+05,20000,0.02,0
"DT Christian","All rounder",41,452,114.72,16.74,38,8.1,31335103.0227374,3133510.30227374,3.13,0.31
"DT Patil","Batsman",2,13,100,13,0,9.29654545454545,2662964.89053895,266296.489053895,0.27,0.03
"DW Steyn","Bowler",33,167,104.38,8.35,97,6.94,55959593.6965071,5595959.36965071,5.6,0.56
"Dhruv Jurel","Batsman",35,680,153.85,30.91,0,9.29654545454545,21583811.3360131,2158381.13360131,2.16,0.22
"E Lewis","Batsman",26,654,137.11,27.25,0,9.29654545454545,18515188.6239987,1851518.86239987,1.85,0.19
"EJG Morgan","Batsman",74,1406,122.58,23.83,0,9.29654545454545,34435720.5782535,3443572.05782535,3.44,0.34
"ER Dwivedi","Batsman",2,24,171.43,12,0,9.29654545454545,26391594.1519174,2639159.41519174,2.64,0.26
"F Behardien","Batsman",3,14,107.69,7,0,9.29654545454545,9825705.19641484,982570.519641484,0.98,0.1
"F du Plessis","Batsman",147,4763,135.85,37.21,0,16,131813525.025837,13181352.5025837,13.18,1.32
"FA Allen","Batsman",3,13,72.22,6.5,2,9.07,2e+05,20000,0.02,0
"FH Edwards","Batsman",2,4,80,4,5,6.6,2e+05,20000,0.02,0
"FY Fazal","Batsman",11,183,106.4,20.33,0,10,5504521.04986633,550452.104986633,0.55,0.06
"Fazalhaq Farooqi","Batsman",3,5,33.33,1.67,6,10.32,2e+05,20000,0.02,0
"G Coetzee","Batsman",7,30,93.75,5,15,10.37,19372938.0065548,1937293.80065548,1.94,0.19
"G Gambhir","Batsman",151,4197,123.66,33.05,0,9.29654545454545,93839188.437895,9383918.8437895,9.38,0.94
"GB Hogg","Bowler",4,22,100,11,23,7.47,10496005.9518325,1049600.59518325,1.05,0.1
"GC Smith","Batsman",29,731,110.09,28.12,0,9.29654545454545,11081708.1317998,1108170.81317998,1.11,0.11
"GC Viljoen","Batsman",3,3,42.86,1.5,7,9.65,2e+05,20000,0.02,0
"GD McGrath","Batsman",2,4,80,4,12,6.61,2e+05,20000,0.02,0
"GD Phillips","Batsman",8,65,120.37,9.29,2,8,9737984.49313755,973798.449313755,0.97,0.1
"GH Vihari","Batsman",23,281,88.09,14.79,1,6.71,2e+05,20000,0.02,0
"GHS Garton","Batsman",2,2,50,2,3,9,2e+05,20000,0.02,0
"GJ Bailey","Batsman",36,660,122,25.38,0,9.29654545454545,15322905.797264,1532290.5797264,1.53,0.15
"GJ Maxwell","All rounder",134,2812,155.36,24.67,41,8.3,96430138.789545,9643013.8789545,9.64,0.96
"GR Napier","Batsman",1,15,93.75,15,1,6.75,2e+05,20000,0.02,0
"Gulbadin Naib","Batsman",1,19,126.67,19,0,12,16224680.5812718,1622468.05812718,1.62,0.16
"Gurkeerat Singh","Batsman",32,511,121.09,21.29,5,7.46,10877094.2185621,1087709.42185621,1.09,0.11
"H Das","Batsman",1,2,40,2,0,9.29654545454545,2e+05,20000,0.02,0
"H Klaasen","Batsman",45,1471,170.45,40.86,0,9.29654545454545,37850611.5243109,3785061.15243109,3.79,0.38
"HC Brook","Batsman",11,186,121.57,20.67,0,9.29654545454545,7617262.3346078,761726.23346078,0.76,0.08
"HE van der Dussen","Batsman",3,22,91.67,11,0,9.29654545454545,1796867.53018689,179686.753018689,0.18,0.02
"HF Gurney","Batsman",1,1,20,1,7,8.81,2e+05,20000,0.02,0
"HH Gibbs","Batsman",36,886,110.06,28.58,0,9.29654545454545,14392879.1803653,1439287.91803653,1.44,0.14
"HH Pandya","All rounder",140,2745,147.11,28.89,78,9.18,112278559.108401,11227855.9108401,11.23,1.12
"HM Amla","Batsman",16,575,141.63,44.23,0,9.29654545454545,4782635.20478367,478263.520478367,0.48,0.05
"HR Shokeen","Batsman",5,66,101.54,22,5,9.24,2e+05,20000,0.02,0
"HV Patel","All rounder",41,270,117.9,10.8,151,8.86,97146723.6984947,9714672.36984947,9.71,0.97
"Harbhajan Singh","All rounder",88,824,137.56,16.16,150,7.08,105452520.818704,10545252.0818704,10.55,1.05
"Harmeet Singh","Bowler",4,18,150,9,27,7.99,31887220.6979351,3188722.06979351,3.19,0.32
"Harpreet Brar","All rounder",26,244,120.2,20.33,35,8.03,23436320.6630192,2343632.06630192,2.34,0.23
"Harpreet Singh","Batsman",8,119,100.85,19.83,0,9.29654545454545,2e+05,20000,0.02,0
"Harshit Rana","Bowler",10,59,107.27,9.83,40,9.51,31169913.5018945,3116991.35018945,3.12,0.31
"I Malhotra","Batsman",1,7,175,7,0,23,79931185.0917564,7993118.50917564,7.99,0.8
"I Sharma","Bowler",21,57,82.61,9.5,96,8.38,50125042.3758318,5012504.23758318,5.01,0.5
"I Udana","Batsman",4,15,136.36,5,8,9.72,26403494.7512319,2640349.47512319,2.64,0.26
"IC Pandey","Batsman",1,0,0,0,18,7.68,2e+05,20000,0.02,0
"IK Pathan","All rounder",82,1149,121.33,23.45,80,7.78,66547372.1212011,6654737.21212011,6.65,0.67
"IR Jaggi","Batsman",7,76,78.35,15.2,0,9.29654545454545,2e+05,20000,0.02,0
"IS Sodhi","Batsman",2,7,41.18,3.5,9,6.7,2e+05,20000,0.02,0
"Imran Tahir","Bowler",8,33,89.19,8.25,82,7.76,42759112.8556312,4275911.28556312,4.28,0.43
"Iqbal Abdulla","Bowler",13,87,106.1,87,40,7.23,2e+05,20000,0.02,0
"Ishan Kishan","Batsman",112,2989,137.81,29.59,0,24,124818658.79196,12481865.879196,12.48,1.25
"J Arunkumar","Batsman",3,23,100,7.67,0,9.29654545454545,7072774.25862829,707277.425862829,0.71,0.07
"J Botha","All rounder",28,408,113.97,20.4,25,6.92,15871244.8101953,1587124.48101953,1.59,0.16
"J Fraser-McGurk","Batsman",15,379,198.43,27.07,0,9.29654545454545,31599557.1819338,3159955.71819338,3.16,0.32
"J Overton","Batsman",2,15,214.29,7.5,0,13.83,59487778.3497872,5948777.83497872,5.95,0.59
"J Suchith","Batsman",9,70,114.75,17.5,19,8.6,13077626.3183502,1307762.63183502,1.31,0.13
"J Syed Mohammad","Batsman",5,29,111.54,14.5,8,8.84,8277093.05400315,827709.305400315,0.83,0.08
"J Theron","Batsman",4,10,83.33,5,11,8.2,5659752.62902217,565975.262902217,0.57,0.06
"J Yadav","Batsman",4,40,111.11,20,8,6.85,2e+05,20000,0.02,0
"JA Morkel","All rounder",67,967,141.58,25.45,85,8.21,71357892.013867,7135789.2013867,7.14,0.71
"JA Richardson","Batsman",3,17,65.38,5.67,3,10.47,3328064.59870856,332806.459870856,0.33,0.03
"JC Archer","All rounder",30,249,143.93,13.83,59,7.89,48797474.1702306,4879747.41702306,4.88,0.49
"JC Buttler","Batsman",119,4097,149.04,41.38,0,9.29654545454545,93003873.0922965,9300387.30922965,9.3,0.93
"JD Ryder","Batsman",29,596,130.99,22.07,8,7.7,17925077.1448253,1792507.71448253,1.79,0.18
"JD Unadkat","Bowler",27,197,118.67,15.15,110,8.88,69914652.88994,6991465.288994,6.99,0.7
"JDP Oram","Batsman",11,106,99.07,13.25,9,8.84,7670484.00619971,767048.400619971,0.77,0.08
"JDS Neesham","Batsman",10,92,98.92,11.5,8,9.28,9683698.35296962,968369.835296962,0.97,0.1
"JE Root","Batsman",1,10,66.67,10,0,7,2e+05,20000,0.02,0
"JE Taylor","Batsman",2,3,100,1.5,6,8.05,10259309.6391969,1025930.96391969,1.03,0.1
"JEC Franklin","Batsman",16,327,109,29.73,9,8.74,2814723.54110851,281472.354110851,0.28,0.03
"JG Bethell","Batsman",2,67,171.79,33.5,0,9.29654545454545,10696782.7589234,1069678.27589234,1.07,0.11
"JH Kallis","All rounder",95,2419,109.31,29.14,65,7.9,80664316.5710845,8066431.65710845,8.07,0.81
"JJ Bumrah","Bowler",27,68,87.18,11.33,186,7.25,95564113.678506,9556411.3678506,9.56,0.96
"JJ Roy","Batsman",21,614,139.23,34.11,0,9.29654545454545,12868546.1072517,1286854.61072517,1.29,0.13
"JJ van der Wath","Batsman",3,18,112.5,9,3,10.75,16708434.4597696,1670843.44597696,1.67,0.17
"JL Denly","Batsman",1,0,0,0,0,9.29654545454545,2e+05,20000,0.02,0
"JL Pattinson","Batsman",2,15,115.38,15,11,9.01,11019014.1419131,1101901.41419131,1.1,0.11
"JM Bairstow","Batsman",52,1672,146.41,35.57,0,9.29654545454545,39130209.7247262,3913020.97247262,3.91,0.39
"JM Kemp","Batsman",2,26,108.33,13,3,7.36,346983.356083315,34698.3356083315,0.03,0
"JM Sharma","Batsman",47,984,156.69,25.23,0,9.29654545454545,34151146.8569716,3415114.68569716,3.42,0.34
"JO Holder","All rounder",27,259,123.92,12.33,53,8.81,43857674.931976,4385767.4931976,4.39,0.44
"JP Behrendorff","Batsman",2,6,66.67,3,19,9.05,9244952.17301634,924495.217301634,0.92,0.09
"JP Duminy","All rounder",75,2026,124.22,42.21,23,7.38,41024364.9369803,4102436.49369803,4.1,0.41
"JP Faulkner","All rounder",45,524,136.1,20.96,61,8.72,51314553.0243248,5131455.30243248,5.13,0.51
"JP Inglis","Batsman",11,278,162.57,34.75,0,9.29654545454545,11800829.0816562,1180082.90816562,1.18,0.12
"JPR Scantlebury-Searles","Batsman",2,8,133.33,8,2,12.71,30315861.9401467,3031586.19401467,3.03,0.3
"JR Hazlewood","Bowler",7,19,65.52,2.71,57,8.28,27437554.5438082,2743755.45438082,2.74,0.27
"JR Hopes","Batsman",19,417,136.72,26.06,14,9.13,20752508.6706796,2075250.86706796,2.08,0.21
"JR Philippe","Batsman",5,78,101.3,19.5,0,9.29654545454545,2e+05,20000,0.02,0
"Jaskaran Singh","Batsman",4,8,72.73,8,6,10.06,3801383.40646596,380138.340646596,0.38,0.04
"Joginder Sharma","Batsman",5,36,120,9,12,9.82,21118471.0529683,2111847.10529683,2.11,0.21
"K Goel","Batsman",16,218,94.37,16.77,0,8.45,2e+05,20000,0.02,0
"K Gowtham","All rounder",27,247,168.03,13.72,21,8.24,36969020.386939,3696902.0386939,3.7,0.37
"K Kartikeya","Batsman",4,12,70.59,4,12,8.66,4632004.02892638,463200.402892638,0.46,0.05
"K Rabada","All rounder",30,215,107.5,13.44,122,8.61,73728755.4110192,7372875.54110192,7.37,0.74
"K Upadhyay","Batsman",2,12,133.33,6,0,9,17645609.7620581,1764560.97620581,1.76,0.18
"K Yadav","Batsman",1,0,0,0,2,9.33,2e+05,20000,0.02,0
"KA Jamieson","Batsman",9,65,108.33,21.67,14,9.67,8740801.47715816,874080.147715816,0.87,0.09
"KA Maharaj","Batsman",1,1,50,1,2,6.5,2e+05,20000,0.02,0
"KA Pollard","All rounder",168,3411,147.34,28.66,69,8.79,122036492.677162,12203649.2677162,12.2,1.22
"KAJ Roach","Batsman",1,10,111.11,10,0,10,10978433.6930262,1097843.36930262,1.1,0.11
"KB Arun Karthik","Batsman",8,51,100,10.2,0,9.29654545454545,5757199.53534741,575719.953534741,0.58,0.06
"KC Cariappa","Batsman",5,24,114.29,8,8,9.67,17081453.1555452,1708145.31555452,1.71,0.17
"KC Sangakkara","Batsman",68,1680,121.3,25.85,0,9.29654545454545,38954641.5349083,3895464.15349083,3.9,0.39
"KD Karthik","Batsman",233,4824,135.13,27.88,0,9.29654545454545,116418280.814079,11641828.0814079,11.64,1.16
"KH Pandya","All rounder",114,1748,132.12,22.7,93,7.47,90784860.0832594,9078486.00832594,9.08,0.91
"KJ Abbott","Batsman",3,13,162.5,13,2,11.06,29896946.0330445,2989694.60330445,2.99,0.3
"KK Ahmed","Bowler",6,2,22.22,0.4,89,8.98,35078817.6704121,3507881.76704121,3.51,0.35
"KK Cooper","Bowler",12,115,171.64,12.78,33,7.89,41026668.2408561,4102666.82408561,4.1,0.41
"KK Nair","Batsman",76,1689,131.64,24.84,0,9.29654545454545,43242753.9264122,4324275.39264122,4.32,0.43
"KL Nagarkoti","Batsman",7,22,66.67,5.5,5,9.5,1621612.87859285,162161.287859285,0.16,0.02
"KL Rahul","Batsman",135,5226,136.24,47.51,0,9.29654545454545,110950673.650273,11095067.3650273,11.1,1.11
"KM Asif","Batsman",1,0,0,0,7,10.42,2e+05,20000,0.02,0
"KM Jadhav","Batsman",81,1191,122.91,23.35,0,9.29654545454545,29810657.9927927,2981065.79927927,2.98,0.3
"KMA Paul","Batsman",5,18,75,4.5,9,8.72,4357990.70380692,435799.070380692,0.44,0.04
"KMDN Kulasekara","Batsman",1,5,166.67,5,5,7.06,24660928.5649636,2466092.85649636,2.47,0.25
"KP Appanna","Batsman",3,2,50,2,9,7.94,2e+05,20000,0.02,0
"KP Pietersen","Batsman",36,1000,134.77,38.46,7,7.41,14307858.2902146,1430785.82902146,1.43,0.14
"KR Mayers","Batsman",13,373,144.57,28.69,0,8.43,9992238.70884415,999223.870884415,1,0.1
"KR Sen","Batsman",1,0,0,0,14,9.63,2e+05,20000,0.02,0
"KS Bharat","Batsman",8,198,122.98,28.29,0,9.29654545454545,2385054.05293483,238505.405293483,0.24,0.02
"KS Rathore","Batsman",1,0,0,0,0,9.29654545454545,2e+05,20000,0.02,0
"KS Sharma","Batsman",3,16,64,5.33,0,9.29654545454545,2e+05,20000,0.02,0
"KS Williamson","Batsman",76,2128,125.77,36.69,0,10.33,46214783.0938029,4621478.30938029,4.62,0.46
"KT Maphaka","Batsman",1,8,400,8,2,13,116039188.311016,11603918.8311016,11.6,1.16
"KV Sharma","All rounder",40,352,119.32,14.67,83,8.38,57636246.7417297,5763624.67417297,5.76,0.58
"KW Richardson","Batsman",4,36,92.31,12,19,8.45,8913971.62918895,891397.162918895,0.89,0.09
"Kamran Akmal","Batsman",6,124,161.04,31,0,9.29654545454545,10593404.4720341,1059340.44720341,1.06,0.11
"Kamran Khan","Batsman",1,3,60,3,10,8.64,673434.656154066,67343.4656154066,0.07,0.01
"Karanveer Singh","Batsman",4,12,70.59,12,12,9.44,1152712.07266201,115271.207266201,0.12,0.01
"Kartik Tyagi","Batsman",6,13,81.25,3.25,15,10.14,15548749.691005,1554874.9691005,1.55,0.16
"Kuldeep Yadav","All rounder",37,201,86.64,16.75,102,8.08,51358098.8473119,5135809.88473119,5.14,0.51
"Kumar Kushagra","Batsman",3,3,42.86,1,0,9.29654545454545,2e+05,20000,0.02,0
"L Ablish","Batsman",1,0,0,0,3,10.71,2e+05,20000,0.02,0
"L Balaji","Bowler",13,36,73.47,5.14,76,8.05,38027894.0886087,3802789.40886087,3.8,0.38
"L Ngidi","Bowler",1,0,0,0,29,8.53,2e+05,20000,0.02,0
"L Ronchi","Batsman",5,34,100,11.33,0,9.29654545454545,4468933.01750357,446893.301750357,0.45,0.04
"L Wood","Batsman",1,9,300,9,1,15.5,91896038.9898976,9189603.89898976,9.19,0.92
"LA Carseldine","Batsman",5,80,121.21,26.67,1,6,2e+05,20000,0.02,0
"LA Pomersbach","Batsman",16,301,123.87,30.1,0,9.29654545454545,3696768.26898866,369676.826898866,0.37,0.04
"LB Williams","Batsman",1,1,50,1,1,12,6085533.62709659,608553.362709659,0.61,0.06
"LE Plunkett","Batsman",2,1,33.33,1,4,9,2e+05,20000,0.02,0
"LH Ferguson","Bowler",8,68,147.83,22.67,54,8.96,39902891.736995,3990289.1736995,3.99,0.4
"LJ Wright","Batsman",5,102,172.88,25.5,2,10.48,23452348.8827042,2345234.88827042,2.35,0.23
"LMP Simmons","Batsman",29,1079,127.24,41.5,1,11.33,22120403.3864477,2212040.33864477,2.21,0.22
"LPC Silva","Batsman",3,40,153.85,20,0,21,56685388.2116519,5668538.82116519,5.67,0.57
"LR Shukla","Batsman",33,405,115.71,15,15,8.54,20894404.6792705,2089440.46792705,2.09,0.21
"LRPL Taylor","Batsman",54,1010,123.47,26.58,0,12,32808079.101454,3280807.9101454,3.28,0.33
"LS Livingstone","Batsman",47,1035,158.02,27.24,13,9.02,40329813.5429693,4032981.35429693,4.03,0.4
"Lalit Yadav","Batsman",21,294,103.16,19.6,10,8.85,9045268.01539062,904526.801539062,0.9,0.09
"Liton Das","Batsman",1,4,100,4,0,9.29654545454545,9494467.38863786,949446.738863786,0.95,0.09
"M Ashwin","Bowler",12,35,70,4.38,35,8.01,14945112.6421454,1494511.26421454,1.49,0.15
"M Jansen","Bowler",20,141,109.3,12.82,36,9.41,28878192.7886849,2887819.27886849,2.89,0.29
"M Kaif","Batsman",22,259,104.02,16.19,0,9.29654545454545,7284254.36409819,728425.436409819,0.73,0.07
"M Kartik","Bowler",14,112,104.67,18.67,31,7.25,11699779.4721119,1169977.94721119,1.17,0.12
"M Klinger","Batsman",4,72,96,18,0,9.29654545454545,2e+05,20000,0.02,0
"M Manhas","Batsman",38,514,109.36,22.35,0,6,2e+05,20000,0.02,0
"M Markande","Bowler",10,48,114.29,16,37,8.91,24527630.8889303,2452763.08889303,2.45,0.25
"M Morkel","Bowler",20,122,137.08,12.2,77,7.69,54006742.3238029,5400674.23238029,5.4,0.54
"M Muralitharan","Bowler",9,20,68.97,3.33,64,6.7,26259952.9100327,2625995.29100327,2.63,0.26
"M Ntini","Batsman",2,11,61.11,11,7,6.91,2e+05,20000,0.02,0
"M Prasidh Krishna","Bowler",7,9,37.5,4.5,75,8.77,28486908.3385289,2848690.83385289,2.85,0.28
"M Rawat","Batsman",11,55,79.71,11,0,9.29654545454545,2e+05,20000,0.02,0
"M Shahrukh Khan","Batsman",48,732,149.39,24.4,1,9.33,27164240.7623994,2716424.07623994,2.72,0.27
"M Theekshana","Bowler",6,17,50,5.67,36,8.27,8630564.30208687,863056.430208687,0.86,0.09
"M Tiwari","Batsman",1,3,75,3,0,14,19096542.4242448,1909654.24242448,1.91,0.19
"M Vijay","Batsman",105,2619,121.98,28.47,0,8.17,55398455.2220346,5539845.52220346,5.54,0.55
"M Vohra","Batsman",51,1083,130.8,23.04,0,9.29654545454545,29994340.8120638,2999434.08120638,3,0.3
"M de Lange","Batsman",1,1,50,1,5,9.39,2e+05,20000,0.02,0
"MA Agarwal","Batsman",125,2746,133.76,23.67,0,9.29654545454545,69932496.4452957,6993249.64452957,6.99,0.7
"MA Khote","Batsman",3,24,109.09,12,2,10.2,10910535.4492119,1091053.54492119,1.09,0.11
"MA Starc","Bowler",21,111,93.28,11.1,65,8.67,37634635.2131097,3763463.52131097,3.76,0.38
"MA Wood","Batsman",3,12,150,6,11,8.95,28773468.2614443,2877346.82614443,2.88,0.29
"MC Henriques","All rounder",54,996,126.88,27.67,42,8.14,41888188.3316738,4188818.83316738,4.19,0.42
"MC Juneja","Batsman",7,125,97.66,17.86,0,9.29654545454545,775076.056088403,77507.6056088403,0.08,0.01
"MD Mishra","Batsman",17,235,114.08,15.67,0,9.29654545454545,10316219.8931844,1031621.98931844,1.03,0.1
"MD Shanaka","Batsman",3,26,100,13,0,9.29654545454545,2971676.11742291,297167.611742291,0.3,0.03
"MDKJ Perera","Batsman",2,14,107.69,7,0,9.29654545454545,9825705.19641484,982570.519641484,0.98,0.1
"MEK Hussey","Batsman",58,1976,122.73,40.33,0,9.29654545454545,35102910.2183846,3510291.02183846,3.51,0.35
"MF Maharoof","Bowler",14,177,143.9,17.7,27,7.43,24917239.565706,2491723.9565706,2.49,0.25
"MG Bracewell","Batsman",4,58,123.4,29,6,8.64,2e+05,20000,0.02,0
"MG Johnson","Bowler",28,166,101.84,12.77,62,8.3,37392005.7615652,3739200.57615652,3.74,0.37
"MJ Clarke","Batsman",6,98,104.26,19.6,2,6.09,2e+05,20000,0.02,0
"MJ Guptill","Batsman",13,265,135.2,22.08,0,9.29654545454545,12718115.2533788,1271811.52533788,1.27,0.13
"MJ Lumb","Batsman",12,278,145.55,27.8,0,9.29654545454545,11836128.3121004,1183612.83121004,1.18,0.12
"MJ McClenaghan","Bowler",19,84,121.74,7.64,71,8.49,51377379.0828399,5137737.90828399,5.14,0.51
"MJ Owen","Batsman",1,0,0,0,0,9.29654545454545,2e+05,20000,0.02,0
"MJ Santner","Bowler",19,109,105.83,13.62,25,7.31,12884768.9780775,1288476.89780775,1.29,0.13
"MJ Suthar","Batsman",1,1,50,1,0,13,9107083.18076678,910708.318076678,0.91,0.09
"MK Lomror","Batsman",35,526,141.4,18.79,1,8.47,21057849.3545494,2105784.93545494,2.11,0.21
"MK Pandey","Batsman",160,3932,121.4,29.79,0,9.29654545454545,89380439.4246764,8938043.94246764,8.94,0.89
"MK Tiwary","Batsman",83,1685,116.69,30.09,1,11.86,43983528.4454409,4398352.84454409,4.4,0.44
"ML Hayden","Batsman",32,1096,137.17,42.15,0,9.29654545454545,17366662.55514,1736666.255514,1.74,0.17
"MM Ali","All rounder",59,1165,140.19,23.3,41,7.23,49755695.3724274,4975569.53724275,4.98,0.5
"MM Patel","Bowler",12,39,95.12,7.8,74,7.52,39908211.5339309,3990821.15339309,3.99,0.4
"MM Sharma","Bowler",30,125,91.91,7.35,134,8.77,78537451.0712391,7853745.10712391,7.85,0.79
"MN Samuels","Batsman",14,161,93.6,14.64,9,7.96,3011378.87731397,301137.887731397,0.3,0.03
"MN van Wyk","Batsman",5,163,124.43,54.33,0,9.29654545454545,2e+05,20000,0.02,0
"MP Breetzke","Batsman",1,14,116.67,14,0,9.29654545454545,7197937.27634185,719793.727634185,0.72,0.07
"MP Stoinis","All rounder",99,2016,144.83,28.8,44,9.79,77906633.2145845,7790663.32145845,7.79,0.78
"MR Marsh","All rounder",49,1292,143.24,29.36,37,8.52,51412997.33076,5141299.733076,5.14,0.51
"MS Bhandage","Batsman",1,1,25,1,0,9.29654545454545,2e+05,20000,0.02,0
"MS Bisla","Batsman",39,794,113.43,22.06,0,9.29654545454545,18382266.6186471,1838226.66186471,1.84,0.18
"MS Dhoni","Batsman",241,5409,137.46,38.91,0,9.29654545454545,122415927.735593,12241592.7735593,12.24,1.22
"MS Gony","Bowler",15,99,141.43,11,37,8.7,37522510.3100704,3752251.03100704,3.75,0.38
"MS Wade","Batsman",14,183,103.39,14.08,0,9.29654545454545,6931120.80058732,693112.080058732,0.69,0.07
"MV Boucher","Batsman",23,387,126.06,27.64,0,9.29654545454545,8360202.99105208,836020.299105208,0.84,0.08
"MW Short","Batsman",6,117,127.17,19.5,0,6.25,2e+05,20000,0.02,0
"Mandeep Singh","Batsman",97,1705,123.1,21.58,0,13,56676883.0304402,5667688.30304402,5.67,0.57
"Mashrafe Mortaza","Batsman",1,2,100,2,0,14.5,29579110.930978,2957911.0930978,2.96,0.3
"Mayank Dagar","Batsman",1,0,0,0,2,8.89,2e+05,20000,0.02,0
"Misbah-ul-Haq","Batsman",8,117,144.44,16.71,0,9.29654545454545,16341630.3380784,1634163.03380784,1.63,0.16
"Mohammad Ashraful","Batsman",1,2,20,2,0,9.29654545454545,2e+05,20000,0.02,0
"Mohammad Asif","Batsman",2,3,50,1.5,8,9.25,2e+05,20000,0.02,0
"Mohammad Hafeez","Batsman",8,64,77.11,9.14,2,6.8,2e+05,20000,0.02,0
"Mohammad Nabi","Batsman",19,215,142.38,14.33,15,7.44,21451831.1476398,2145183.11476398,2.15,0.21
"Mohammed Shami","Bowler",27,84,94.38,6,133,8.62,78323240.9129975,7832324.09129975,7.83,0.78
"Mohammed Siraj","Bowler",21,112,92.56,12.44,109,8.74,60679482.6923373,6067948.26923373,6.07,0.61
"Mohit Rathee","Batsman",1,1,50,1,0,14.5,14459257.8891001,1445925.78891001,1.45,0.14
"Mohsin Khan","Bowler",5,25,104.17,12.5,27,8.51,16614452.5338225,1661445.25338225,1.66,0.17
"Mujeeb Ur Rahman","Batsman",6,12,80,4,20,8.34,10851152.7565066,1085115.27565066,1.09,0.11
"Mukesh Choudhary","Batsman",2,6,100,3,17,9.94,21912322.652265,2191232.2652265,2.19,0.22
"Mukesh Kumar","Bowler",5,10,55.56,10,37,10.4,14987188.5082154,1498718.85082154,1.5,0.15
"Musheer Khan","Batsman",1,0,0,0,1,13.5,2e+05,20000,0.02,0
"Mustafizur Rahman","Bowler",7,13,54.17,6.5,65,8.13,24561055.1983723,2456105.51983724,2.46,0.25
"N Jagadeesan","Batsman",10,162,110.2,18,0,9.29654545454545,5526553.64860459,552655.364860459,0.55,0.06
"N Pooran","Batsman",86,2288,168.86,35.75,0,9.29654545454545,60747098.0473068,6074709.80473068,6.07,0.61
"N Rana","Batsman",112,2838,136.51,28.1,10,8.44,71932160.6509647,7193216.06509647,7.19,0.72
"N Saini","Batsman",10,140,100,14,0,9.29654545454545,4896033.25644597,489603.325644597,0.49,0.05
"N Wadhera","Batsman",31,718,143.6,27.62,0,7.76,16323869.9115464,1632386.99115464,1.63,0.16
"ND Doshi","Batsman",1,0,0,0,2,8.46,2e+05,20000,0.02,0
"NJ Maddinson","Batsman",3,20,95.24,6.67,0,9.29654545454545,6272663.93194517,627266.393194517,0.63,0.06
"NJ Rimmington","Batsman",1,1,100,1,0,6.33,1186655.18604457,118665.518604457,0.12,0.01
"NK Patel","Batsman",6,121,101.68,30.25,0,9.29654545454545,2e+05,20000,0.02,0
"NL McCullum","Batsman",2,26,118.18,26,0,6.8,2e+05,20000,0.02,0
"NLTC Perera","All rounder",30,421,137.58,19.14,31,8.73,34402000.7256128,3440200.07256128,3.44,0.34
"NM Coulter-Nile","Bowler",16,82,113.89,8.2,48,7.7,33008675.6184854,3300867.56184854,3.3,0.33
"NS Naik","Batsman",4,31,62,7.75,0,9.29654545454545,2e+05,20000,0.02,0
"NT Ellis","Batsman",5,19,76,4.75,19,8.67,9790878.5480251,979087.85480251,0.98,0.1
"NV Ojha","Batsman",94,1543,117.97,21.43,0,9.29654545454545,38103753.4123657,3810375.34123657,3.81,0.38
"Naman Dhir","Batsman",19,392,181.48,28,0,8.77,23918536.1394209,2391853.61394209,2.39,0.24
"Navdeep Saini","Bowler",7,33,89.19,8.25,24,8.71,14447942.2282242,1444794.22282242,1.44,0.14
"Naveen-ul-Haq","Bowler",4,18,75,18,25,9.16,4105194.16565865,410519.416565865,0.41,0.04
"Nithish Kumar Reddy","Batsman",22,484,132.97,28.47,5,10.96,20876636.6816929,2087663.66816929,2.09,0.21
"Noor Ahmad","Bowler",11,20,57.14,2.5,48,8.08,19331659.4710188,1933165.94710188,1.93,0.19
"OA Shah","Batsman",22,505,130.15,42.08,0,9.29654545454545,1157572.63413648,115757.263413648,0.12,0.01
"OC McCoy","Batsman",1,8,160,8,11,9.32,31608859.3602067,3160885.93602067,3.16,0.32
"OF Smith","Batsman",6,51,115.91,17,6,11.87,17948596.0209281,1794859.60209281,1.79,0.18
"P Awana","Bowler",5,5,35.71,2.5,39,8.27,7928593.72815847,792859.372815847,0.79,0.08
"P Chopra","Batsman",1,8,133.33,8,0,9.29654545454545,17043124.7122245,1704312.47122245,1.7,0.17
"P Dogra","Batsman",12,127,92.03,15.88,0,9.29654545454545,584554.595806558,58455.4595806558,0.06,0.01
"P Dubey","Batsman",2,23,69.7,23,2,8.54,2e+05,20000,0.02,0
"P Kumar","All rounder",57,338,108.33,9.94,90,7.73,59022954.5328063,5902295.45328063,5.9,0.59
"P Negi","All rounder",35,364,126.39,16.55,34,7.87,30093300.8971224,3009330.08971224,3.01,0.3
"P Parameswaran","Batsman",2,1,50,0.5,9,8.73,2e+05,20000,0.02,0
"P Ray Barman","Batsman",1,19,79.17,19,0,14,8275950.0944662,827595.00944662,0.83,0.08
"P Sahu","Batsman",2,19,146.15,9.5,3,8.34,18428125.0267543,1842812.50267543,1.84,0.18
"P Simran Singh","Batsman",52,1348,152.49,26.96,0,9.29654545454545,40106983.9327281,4010698.39327281,4.01,0.4
"PA Patel","Batsman",136,2841,120.89,23.48,0,9.29654545454545,68249964.500478,6824996.4500478,6.82,0.68
"PA Reddy","Batsman",10,164,102.5,16.4,0,9.29654545454545,4381180.27767936,438118.027767936,0.44,0.04
"PBB Rajapaksa","Batsman",13,276,145.26,23,0,9.29654545454545,15453990.2884788,1545399.02884788,1.55,0.15
"PC Valthaty","Batsman",23,499,120.53,22.68,7,8.15,12881324.4703693,1288132.44703693,1.29,0.13
"PD Collingwood","Batsman",7,203,130.13,50.75,5,6.81,2e+05,20000,0.02,0
"PD Salt","Batsman",34,1051,176.64,33.9,0,9.29654545454545,35290980.9529388,3529098.09529388,3.53,0.35
"PHKD Mendis","Batsman",5,91,133.82,22.75,2,8.57,6124133.4547115,612413.34547115,0.61,0.06
"PJ Cummins","All rounder",48,607,151.75,20.93,79,8.81,68438473.0527205,6843847.30527205,6.84,0.68
"PJ Sangwan","Bowler",14,26,59.09,3.71,38,8.69,15857109.4351992,1585710.94351992,1.59,0.16
"PK Garg","Batsman",19,269,113.03,14.94,0,9.29654545454545,11361607.4811177,1136160.74811177,1.14,0.11
"PM Sarvesh Kumar","Batsman",1,1,50,1,1,8.4,2e+05,20000,0.02,0
"PN Mankad","Batsman",5,97,134.72,32.33,0,9.29654545454545,552449.577749174,55244.9577749174,0.06,0.01
"PP Chawla","All rounder",86,623,111.05,11.75,192,7.96,121808286.470979,12180828.6470979,12.18,1.22
"PP Ojha","Bowler",19,16,36.36,1.78,89,7.37,33076895.8905278,3307689.58905278,3.31,0.33
"PP Shaw","Batsman",79,1890,147.77,24.87,0,9.29654545454545,53114956.351945,5311495.6351945,5.31,0.53
"PR Shah","Batsman",9,91,101.11,11.38,0,9.29654545454545,6135884.64679873,613588.464679873,0.61,0.06
"PSP Handscomb","Batsman",1,6,50,6,0,9.29654545454545,2e+05,20000,0.02,0
"PV Tambe","Bowler",6,18,47.37,18,28,7.75,2e+05,20000,0.02,0
"PVD Chameera","Batsman",10,53,126.19,17.67,13,9.84,17319007.8019014,1731900.78019014,1.73,0.17
"PVSN Raju","Batsman",1,1,100,1,1,13.25,26424588.0923744,2642458.80923744,2.64,0.26
"PWA Mulder","Batsman",1,9,81.82,9,0,16,23844323.5405066,2384432.35405066,2.38,0.24
"PWH de Silva","Bowler",19,81,92.05,5.79,46,8.41,29375804.9324915,2937580.49324915,2.94,0.29
"Pankaj Singh","Batsman",5,7,58.33,3.5,11,9.36,2962276.52280419,296227.652280419,0.3,0.03
"Parvez Rasool","Batsman",4,17,85,8.5,4,8.21,2e+05,20000,0.02,0
"Prince Yadav","Batsman",2,5,50,2.5,3,9.85,2e+05,20000,0.02,0
"Priyansh Arya","Batsman",18,545,182.89,30.28,0,9.29654545454545,28093600.0503726,2809360.00503726,2.81,0.28
"Q de Kock","Batsman",115,3304,134.04,31.47,0,9.29654545454545,77166391.8390705,7716639.18390705,7.72,0.77
"R Ashwin","All rounder",93,832,118.35,13.64,187,7.2,122165633.31509,12216563.331509,12.22,1.22
"R Bhatia","All rounder",47,342,120.42,11.79,71,7.41,49982708.7714287,4998270.87714287,5,0.5
"R Bishnoi","Batsman",3,19,111.76,6.33,0,9.29654545454545,11761461.375988,1176146.1375988,1.18,0.12
"R Dhawan","All rounder",22,210,112.3,21,25,8.08,14308313.195586,1430831.3195586,1.43,0.14
"R Dravid","Batsman",82,2173,115.71,28.97,0,9.29654545454545,46444314.233028,4644431.4233028,4.64,0.46
"R McLaren","Batsman",13,159,92.98,19.88,12,9.19,4693583.4518367,469358.34518367,0.47,0.05
"R Minz","Batsman",2,6,40,3,0,9.29654545454545,2e+05,20000,0.02,0
"R Ninan","Batsman",1,3,60,3,3,10.83,4661641.30045648,466164.130045648,0.47,0.05
"R Parag","Batsman",72,1565,142.14,27.46,7,9.7,46847292.3968262,4684729.23968262,4.68,0.47
"R Powell","Batsman",23,365,146.59,18.25,1,11.67,30723496.5363253,3072349.65363253,3.07,0.31
"R Rampaul","Batsman",7,50,102.04,10,16,6.92,6803152.28359384,680315.228359384,0.68,0.07
"R Ravindra","Batsman",18,408,143.66,25.5,0,3.5,2e+05,20000,0.02,0
"R Sai Kishore","Bowler",4,18,112.5,6,32,8.86,28163543.5170028,2816354.35170028,2.82,0.28
"R Sanjay Yadav","Batsman",1,0,0,0,0,11.5,2e+05,20000,0.02,0
"R Sathish","Batsman",24,269,116.96,16.81,3,10.01,15331238.0595923,1533123.80595923,1.53,0.15
"R Sharma","Bowler",19,66,88,6,40,7.02,19329936.0455056,1932993.60455056,1.93,0.19
"R Shepherd","Batsman",12,179,210.59,25.57,10,11.66,45784858.8861786,4578485.88861786,4.58,0.46
"R Shukla","Batsman",4,19,82.61,19,5,10.4,2e+05,20000,0.02,0
"R Tewatia","All rounder",76,1110,137.55,24.13,32,7.91,44468693.5920996,4446869.35920996,4.45,0.44
"R Vinay Kumar","All rounder",42,310,113.14,12.4,105,8.42,68620398.2096082,6862039.82096082,6.86,0.69
"RA Bawa","Batsman",3,19,105.56,9.5,0,9.29654545454545,7310991.63916612,731099.163916612,0.73,0.07
"RA Jadeja","All rounder",194,3243,130.29,28.2,170,7.67,164199343.45488,16419934.345488,16.42,1.64
"RA Tripathi","Batsman",98,2268,137.04,26.68,0,12,66913082.6404576,6691308.26404576,6.69,0.67
"RD Chahar","Bowler",22,129,104.03,8.6,75,7.72,45509012.5987277,4550901.25987277,4.55,0.46
"RD Gaikwad","Batsman",70,2494,137.71,41.57,0,9.29654545454545,51190510.8230751,5119051.08230751,5.12,0.51
"RD Rickelton","Batsman",14,388,152.16,29.85,0,9.29654545454545,14942746.1414846,1494274.61414846,1.49,0.15
"RE Levi","Batsman",6,83,113.7,13.83,0,9.29654545454545,8026350.77799479,802635.077799479,0.8,0.08
"RE van der Merwe","Bowler",15,159,112.77,15.9,21,6.74,10271227.8398729,1027122.78398729,1.03,0.1
"RG More","Batsman",1,2,100,2,1,10.11,14461646.5364745,1446164.65364745,1.45,0.14
"RG Sharma","Batsman",266,7004,131.73,29.93,15,8.02,169145908.127972,16914590.8127972,16.91,1.69
"RJ Gleeson","Batsman",1,2,100,2,2,9.71,13580966.8661377,1358096.68661377,1.36,0.14
"RJ Harris","Bowler",21,116,104.5,9.67,45,7.55,27508376.7083149,2750837.67083149,2.75,0.28
"RJ Peterson","Batsman",5,32,106.67,10.67,3,8.75,6745898.22437695,674589.822437695,0.67,0.07
"RJ Quiney","Batsman",7,103,100.98,14.71,0,9.29654545454545,3772830.20074128,377283.020074128,0.38,0.04
"RJW Topley","Batsman",1,3,50,3,5,11.1,3542384.81006055,354238.481006055,0.35,0.04
"RK Bhui","Batsman",4,10,38.46,2.5,0,9.29654545454545,2e+05,20000,0.02,0
"RK Singh","Batsman",51,1083,144.4,30.08,0,9.29654545454545,28802471.9580178,2880247.19580178,2.88,0.29
"RM Patidar","Batsman",38,1110,154.38,31.71,0,9.29654545454545,31337102.9942516,3133710.29942516,3.13,0.31
"RN ten Doeschate","Batsman",21,326,138.72,23.29,2,7.23,8056826.01373722,805682.601373722,0.81,0.08
"RP Meredith","Batsman",2,0,0,0,19,9.46,2e+05,20000,0.02,0
"RP Singh","Bowler",28,52,68.42,3.71,90,7.9,45040204.0366925,4504020.40366925,4.5,0.45
"RR Bhatkal","Batsman",1,0,0,0,0,17.5,10043754.2638889,1004375.42638889,1,0.1
"RR Pant","Batsman",123,3550,147.49,34.8,0,9.29654545454545,84672851.1273742,8467285.11273742,8.47,0.85
"RR Powar","Batsman",9,67,104.69,33.5,13,7.42,2e+05,20000,0.02,0
"RR Raje","Batsman",5,20,111.11,20,6,9.02,3170522.73033965,317052.273033965,0.32,0.03
"RR Rossouw","Batsman",22,471,153.92,23.55,0,9.29654545454545,22404344.1410721,2240434.41410721,2.24,0.22
"RR Sarwan","Batsman",4,73,97.33,24.33,0,9.29654545454545,2e+05,20000,0.02,0
"RS Bopara","Batsman",22,531,117.22,31.24,11,8.5,9324361.2998943,932436.12998943,0.93,0.09
"RS Gavaskar","Batsman",1,2,25,2,0,8,2e+05,20000,0.02,0
"RS Sodhi","Batsman",1,4,200,4,0,9.29654545454545,41252285.1386379,4125228.51386379,4.13,0.41
"RT Ponting","Batsman",9,91,71.09,11.38,0,9.29654545454545,2e+05,20000,0.02,0
"RV Gomez","Batsman",9,50,98.04,10,5,8.06,3588256.24785478,358825.624785478,0.36,0.04
"RV Patel","Batsman",7,80,109.59,20,0,7.33,2e+05,20000,0.02,0
"RV Uthappa","Batsman",197,4942,130.6,28.57,0,9.29654545454545,117241665.762516,11724166.5762516,11.72,1.17
"Rahmanullah Gurbaz","Batsman",18,357,133.21,21,0,9.29654545454545,15116287.3644148,1511628.73644148,1.51,0.15
"Ramandeep Singh","Batsman",20,211,156.3,19.18,6,9.45,24233749.3255404,2423374.93255404,2.42,0.24
"Rashid Khan","All rounder",66,576,160.45,13.71,158,7.08,113123027.305755,11312302.7305755,11.31,1.13
"Rasikh Salam","Batsman",6,40,100,8,10,10.62,17406057.7640271,1740605.77640271,1.74,0.17
"Ravi Bishnoi","Bowler",16,45,68.18,5,72,8.22,35091533.2118573,3509153.32118573,3.51,0.35
"S Anirudha","Batsman",12,136,121.43,17,0,9.29654545454545,9258336.9787364,925833.69787364,0.93,0.09
"S Aravind","Bowler",10,59,103.51,19.67,45,8.2,20331641.5189884,2033164.15189884,2.03,0.2
"S Badree","Batsman",5,13,56.52,2.6,11,7.42,2e+05,20000,0.02,0
"S Badrinath","Batsman",65,1438,119.04,31.26,0,9.29654545454545,28255173.208617,2825517.3208617,2.83,0.28
"S Chanderpaul","Batsman",3,25,80.65,8.33,0,9.29654545454545,458480.677529208,45848.0677529208,0.05,0
"S Dhawan","Batsman",221,6736,127,36.22,4,8.25,151164163.425521,15116416.3425521,15.12,1.51
"S Dube","Batsman",75,1844,142.95,30.73,5,10.31,52253600.4794521,5225360.04794521,5.23,0.52
"S Gopal","Bowler",22,180,106.51,15,52,8.17,31532379.4111359,3153237.94111359,3.15,0.32
"S Kaul","Bowler",9,20,55.56,6.67,58,8.63,22993731.3089148,2299373.13089148,2.3,0.23
"S Kaushik","Batsman",1,0,0,0,6,8.74,2e+05,20000,0.02,0
"S Ladda","Batsman",2,0,0,0,5,9.74,2e+05,20000,0.02,0
"S Lamichhane","Batsman",1,0,0,0,13,8.34,2e+05,20000,0.02,0
"S Nadeem","Bowler",20,39,44.83,2.79,48,7.56,13791032.0453712,1379103.20453712,1.38,0.14
"S Narwal","Batsman",4,37,137.04,12.33,5,11.43,25865715.8130206,2586571.58130206,2.59,0.26
"S Rana","Batsman",8,87,110.13,21.75,0,6.75,2e+05,20000,0.02,0
"S Randiv","Batsman",1,2,50,2,6,7.69,2e+05,20000,0.02,0
"S Sohal","Batsman",20,368,127.34,20.44,0,9.29654545454545,13951690.2507904,1395169.02507904,1.4,0.14
"S Sreesanth","Bowler",12,34,61.82,11.33,40,8.14,10079786.0553977,1007978.60553977,1.01,0.1
"S Sriram","Batsman",2,31,86.11,15.5,0,16.33,21818428.2130368,2181842.82130368,2.18,0.22
"S Tyagi","Batsman",1,3,75,3,6,8.47,2644259.84416815,264425.984416815,0.26,0.03
"S Vidyut","Batsman",8,145,133.03,18.12,1,11,18903918.9440364,1890391.89440364,1.89,0.19
"SA Abbott","Batsman",3,22,122.22,11,1,11.56,20121717.2191265,2012171.72191265,2.01,0.2
"SA Asnodkar","Batsman",19,423,125.52,23.5,0,9.29654545454545,12284407.2048754,1228440.72048754,1.23,0.12
"SA Yadav","Batsman",151,4292,148.56,36.07,0,8,97012561.9135591,9701256.19135591,9.7,0.97
"SB Bangar","Batsman",7,49,84.48,8.17,4,8.76,2641792.9720574,264179.29720574,0.26,0.03
"SB Dubey","Batsman",11,138,164.29,23,0,9.29654545454545,18220414.5978433,1822041.45978433,1.82,0.18
"SB Jakati","Bowler",5,28,96.55,28,47,8.02,11315264.9893741,1131526.49893741,1.13,0.11
"SB Joshi","Batsman",2,6,42.86,3,1,8.95,2e+05,20000,0.02,0
"SB Styris","Batsman",10,131,99.24,18.71,8,7.67,2e+05,20000,0.02,0
"SB Wagh","Batsman",2,2,66.67,1,5,8.06,2e+05,20000,0.02,0
"SC Ganguly","Batsman",56,1343,106.84,25.83,10,7.89,26822323.4439669,2682232.34439669,2.68,0.27
"SD Chitnis","Batsman",8,93,105.68,13.29,2,10,9742699.09648129,974269.909648129,0.97,0.1
"SD Hope","Batsman",9,183,150,26.14,0,9.29654545454545,12292837.2759313,1229283.72759313,1.23,0.12
"SD Lad","Batsman",1,15,115.38,15,0,9.29654545454545,6029205.59424474,602920.559424474,0.6,0.06
"SE Bond","Batsman",1,1,50,1,9,7.23,2e+05,20000,0.02,0
"SE Marsh","Batsman",69,2473,132.53,40.54,0,9.29654545454545,49853055.4332122,4985305.54332122,4.99,0.5
"SE Rutherford","Batsman",20,396,137.5,24.75,1,8.63,12637575.8395901,1263757.58395901,1.26,0.13
"SH Johnson","Batsman",5,8,72.73,1.6,5,10.39,9442233.16742544,944223.316742544,0.94,0.09
"SJ Srivastava","Batsman",4,5,100,5,14,9.38,16685123.9535624,1668512.39535625,1.67,0.17
"SK Raina","All rounder",200,5513,136.97,34.24,25,7.39,135247090.278271,13524709.0278271,13.52,1.35
"SK Rasheed","Batsman",5,71,112.7,14.2,0,9.29654545454545,7134171.3363508,713417.13363508,0.71,0.07
"SK Trivedi","Bowler",14,42,72.41,6,65,7.59,29506963.1923855,2950696.31923855,2.95,0.3
"SK Warne","Bowler",27,197,92.49,11.59,57,7.27,29674520.1475003,2967452.01475003,2.97,0.3
"SL Malinga","Bowler",20,88,88.89,8,170,7.14,90051282.69472,9005128.269472,9.01,0.9
"SM Curran","All rounder",53,986,136,24.65,59,9.74,61911719.7156235,6191171.97156235,6.19,0.62
"SM Harwood","Batsman",2,8,61.54,4,3,7.3,2e+05,20000,0.02,0
"SM Katich","Batsman",11,240,129.73,26.67,0,9.29654545454545,6794222.10200058,679422.210200058,0.68,0.07
"SM Pollock","Batsman",8,147,132.43,18.38,11,6.54,8109207.05070149,810920.705070149,0.81,0.08
"SMSM Senanayake","Batsman",3,10,62.5,10,9,6.53,2e+05,20000,0.02,0
"SN Khan","Batsman",36,578,130.18,22.23,0,18,49494208.3662839,4949420.83662839,4.95,0.49
"SN Thakur","All rounder",39,324,139.66,12.96,108,9.4,82073115.0233569,8207311.50233569,8.21,0.82
"SO Hetmyer","Batsman",78,1486,152.41,29.72,0,9.29654545454545,41198130.2194024,4119813.02194024,4.12,0.41
"SP Fleming","Batsman",10,192,118.52,21.33,0,9.29654545454545,6274481.11656916,627448.111656916,0.63,0.06
"SP Goswami","Batsman",21,292,99.66,15.37,0,9.29654545454545,7325163.42360567,732516.342360567,0.73,0.07
"SP Jackson","Batsman",8,61,107.02,10.17,0,9.29654545454545,8247552.60144077,824755.260144077,0.82,0.08
"SP Narine","All rounder",118,1778,166.64,18.72,192,6.8,157295111.539688,15729511.1539688,15.73,1.57
"SPD Smith","Batsman",93,2461,127.45,35.16,0,15,72516863.5303799,7251686.35303799,7.25,0.73
"SR Tendulkar","Batsman",78,2331,120.09,34.79,0,9.67,48363952.1329085,4836395.21329085,4.84,0.48
"SR Watson","All rounder",141,3864,137.95,31.67,92,7.93,136958054.876827,13695805.4876827,13.7,1.37
"SS Cottrell","Batsman",1,0,0,0,6,8.8,2e+05,20000,0.02,0
"SS Iyer","Batsman",131,3726,133.45,34.5,0,7,76434027.7765357,7643402.77765357,7.64,0.76
"SS Prabhudessai","Batsman",10,126,120,14,0,9.29654545454545,10915138.5621094,1091513.85621094,1.09,0.11
"SS Shaikh","Batsman",1,6,85.71,6,0,9.29654545454545,3438163.56591865,343816.356591865,0.34,0.03
"SS Tiwary","Batsman",73,1489,120.57,31.02,0,9.29654545454545,30140038.3944131,3014003.83944131,3.01,0.3
"ST Jayasuriya","Batsman",30,760,143.67,27.14,13,7.96,25538213.7208779,2553821.37208779,2.55,0.26
"STR Binny","All rounder",66,879,128.89,20.44,22,7.66,32763749.7584409,3276374.97584409,3.28,0.33
"SV Samson","Batsman",171,4696,139.43,31.95,0,9.29654545454545,111558241.141556,11155824.1141556,11.16,1.12
"SW Billings","Batsman",27,497,129.09,19.12,0,9.29654545454545,18604117.075561,1860411.7075561,1.86,0.19
"SW Tait","Bowler",5,23,88.46,7.67,23,8.12,11780910.0002933,1178091.00002933,1.18,0.12
"SZ Mulani","Batsman",1,1,100,1,0,11.4,19277005.7002112,1927700.57002112,1.93,0.19
"Sachin Baby","Batsman",11,142,123.48,15.78,2,4.8,2e+05,20000,0.02,0
"Salman Butt","Batsman",7,192,120,27.43,0,9.29654545454545,1969399.43076342,196939.943076342,0.2,0.02
"Sameer Rizvi","Batsman",9,172,140.98,24.57,0,9.29654545454545,10396065.3983049,1039606.53983049,1.04,0.1
"Sandeep Sharma","Bowler",26,59,79.73,11.8,146,8.05,73608332.1949837,7360833.21949837,7.36,0.74
"Sanvir Singh","Batsman",5,25,119.05,12.5,0,9.29654545454545,9389194.80663265,938919.480663265,0.94,0.09
"Saurav Chauhan","Batsman",3,18,120,6,0,9.29654545454545,14612883.481825,1461288.3481825,1.46,0.15
"Sediqullah Atal","Batsman",1,22,137.5,22,0,9.29654545454545,7740644.04869005,774064.404869005,0.77,0.08
"Shahbaz Ahmed","All rounder",38,544,121.97,19.43,22,9.58,30252272.429263,3025227.2429263,3.03,0.3
"Shahid Afridi","Batsman",9,81,176.09,10.12,9,7.5,29205576.6504555,2920557.66504555,2.92,0.29
"Shakib Al Hasan","All rounder",52,788,124.09,20.74,63,7.44,50467813.0998254,5046781.30998254,5.05,0.5
"Shashank Singh","Batsman",33,773,157.76,42.94,1,10.4,20100717.5992542,2010071.75992542,2.01,0.2
"Shivam Mavi","Bowler",11,51,91.07,5.67,30,8.71,20771468.3818662,2077146.83818662,2.08,0.21
"Shivam Sharma","Batsman",2,5,166.67,5,4,8.68,29894710.3314115,2989471.03314115,2.99,0.3
"Shivam Singh","Batsman",1,2,66.67,2,0,9.29654545454545,427698.39880706,42769.839880706,0.04,0
"Shoaib Ahmed","Batsman",3,1,16.67,0.5,5,8.94,2e+05,20000,0.02,0
"Shoaib Akhtar","Batsman",1,2,28.57,2,5,7.71,2e+05,20000,0.02,0
"Shoaib Malik","Batsman",5,51,110.87,12.75,2,10,10816268.6440069,1081626.86440069,1.08,0.11
"Shubman Gill","Batsman",114,3854,138.93,41,0,9.29654545454545,84320097.5600051,8432009.75600052,8.43,0.84
"Sikandar Raza","Batsman",9,182,133.82,26,3,10.07,11639744.4054167,1163974.44054167,1.16,0.12
"Simarjeet Singh","Batsman",6,10,66.67,3.33,11,10,8098790.60233196,809879.060233196,0.81,0.08
"Sohail Tanvir","Bowler",5,35,125,11.67,22,6.46,14069329.1508349,1406932.91508349,1.41,0.14
"Sumit Kumar","Batsman",3,18,75,9,0,11.4,5478827.75480793,547882.775480793,0.55,0.05
"Sunny Gupta","Batsman",1,0,0,0,0,15.67,3514101.11972222,351410.111972222,0.35,0.04
"Sunny Singh","Batsman",5,43,138.71,10.75,0,9.29654545454545,17430133.0789354,1743013.30789354,1.74,0.17
"Suryansh Shedge","Batsman",3,7,63.64,2.33,0,13.33,13717682.2711514,1371768.22711514,1.37,0.14
"Swapnil Singh","Batsman",9,51,113.33,10.2,7,8.93,12508608.1971048,1250860.81971048,1.25,0.13
"T Banton","Batsman",2,18,90,9,0,9.29654545454545,2737129.60510086,273712.960510086,0.27,0.03
"T Henderson","Batsman",2,11,73.33,11,1,6.67,2e+05,20000,0.02,0
"T Kohler-Cadmore","Batsman",3,48,88.89,16,0,9.29654545454545,2e+05,20000,0.02,0
"T Kohli","Batsman",3,11,57.89,3.67,0,9.29654545454545,2e+05,20000,0.02,0
"T Natarajan","Bowler",2,3,60,1.5,68,8.91,34511911.6555342,3451191.16555342,3.45,0.35
"T Shamsi","Batsman",1,2,50,2,3,9.05,2e+05,20000,0.02,0
"T Stubbs","Batsman",30,705,163.57,47,4,11.5,22717498.9255187,2271749.89255187,2.27,0.23
"T Taibu","Batsman",3,31,119.23,10.33,0,9.29654545454545,11287523.1690455,1128752.31690455,1.13,0.11
"T Thushara","Batsman",4,12,66.67,6,8,7.16,2e+05,20000,0.02,0
"TA Boult","Bowler",23,85,104.94,10.62,143,8.4,82764747.8768264,8276474.78768264,8.28,0.83
"TD Paine","Batsman",2,10,38.46,5,0,9.29654545454545,2e+05,20000,0.02,0
"TG Southee","Bowler",19,120,113.21,10.91,47,8.67,34488219.4554307,3448821.94554307,3.45,0.34
"TH David","Batsman",44,829,171.64,33.16,0,9.29654545454545,29010526.3003842,2901052.63003842,2.9,0.29
"TK Curran","Batsman",10,127,118.69,25.4,13,10.84,14211501.1994244,1421150.11994244,1.42,0.14
"TL Seifert","Batsman",3,26,113.04,8.67,0,9.29654545454545,10502431.8950114,1050243.18950114,1.05,0.11
"TL Suman","Batsman",39,676,117.98,22.53,6,7.88,14882184.2683908,1488218.42683908,1.49,0.15
"TM Dilshan","Batsman",50,1138,113.69,28.45,5,8.1,20095121.7799572,2009512.17799572,2.01,0.2
"TM Head","Batsman",37,1140,170.91,35.62,2,11.69,43871580.0724134,4387158.00724134,4.39,0.44
"TM Srivastava","Batsman",3,8,72.73,8,0,9.29654545454545,2e+05,20000,0.02,0
"TR Birt","Batsman",5,75,131.58,15,0,9.29654545454545,12598793.1169015,1259879.31169015,1.26,0.13
"TS Mills","Batsman",5,8,57.14,2,11,9.85,5530686.85628276,553068.685628276,0.55,0.06
"TU Deshpande","Bowler",8,28,127.27,14,51,9.84,40710746.1638727,4071074.61638727,4.07,0.41
"Tanush Kotian","Batsman",1,24,77.42,24,0,9.29654545454545,2e+05,20000,0.02,0
"Tilak Varma","Batsman",51,1490,144.38,40.27,0,7.64,24573648.3269761,2457364.83269761,2.46,0.25
"U Kaul","Batsman",1,0,0,0,0,9.29654545454545,2e+05,20000,0.02,0
"UA Birla","Batsman",1,7,50,7,0,9.29654545454545,2e+05,20000,0.02,0
"UBT Chand","Batsman",20,300,100.33,15,0,9.29654545454545,8017553.9968642,801755.39968642,0.8,0.08
"UT Khawaja","Batsman",6,127,128.28,25.4,0,9.29654545454545,4644480.39271029,464448.039271029,0.46,0.05
"UT Yadav","All rounder",48,208,103.48,10.95,144,8.51,85902701.6741545,8590270.16741545,8.59,0.86
"Umar Gul","Batsman",4,39,205.26,13,12,8.18,39283505.1022328,3928350.51022328,3.93,0.39
"Umran Malik","Bowler",5,17,113.33,17,29,9.4,20079637.1698972,2007963.71698972,2.01,0.2
"Urvil Patel","Batsman",3,68,212.5,22.67,0,9.29654545454545,32126892.2541251,3212689.22541251,3.21,0.32
"V Kohli","Batsman",259,8652,133.01,39.87,4,8.8,197677327.366625,19767732.7366625,19.77,1.98
"V Nigam","Batsman",8,142,182.05,35.5,11,9.13,19588537.9922049,1958853.79922049,1.96,0.2
"V Pratap Singh","Batsman",1,0,0,0,10,8.71,2e+05,20000,0.02,0
"V Sehwag","Batsman",104,2713,155.92,28.56,6,10.37,79468083.7005795,7946808.37005795,7.95,0.79
"V Shankar","Batsman",63,1227,129.57,26.67,9,8.67,32865230.9293375,3286523.09293375,3.29,0.33
"V Suryavanshi","Batsman",7,252,208.26,36,0,9.29654545454545,24715049.9946449,2471504.99946449,2.47,0.25
"V Viyaskanth","Batsman",1,7,140,7,1,8.6,17981638.5978084,1798163.85978084,1.8,0.18
"VG Arora","Bowler",9,9,37.5,2.25,36,9.55,11715235.7771259,1171523.57771259,1.17,0.12
"VH Zol","Batsman",2,29,111.54,14.5,0,9.29654545454545,5533565.06226868,553356.506226868,0.55,0.06
"VR Aaron","Bowler",12,49,69.01,12.25,44,8.94,17039960.642869,1703996.0642869,1.7,0.17
"VR Iyer","Batsman",56,1462,136.89,29.84,3,10.59,41860349.3690339,4186034.93690339,4.19,0.42
"VRV Singh","Batsman",2,4,133.33,4,12,9.03,25687085.8403777,2568708.58403777,2.57,0.26
"VS Malik","Batsman",2,7,100,7,6,7.64,4585954.27723529,458595.427723529,0.46,0.05
"VS Yeligati","Batsman",1,2,100,2,0,11.8,19945196.455978,1994519.6455978,1.99,0.2
"VVS Laxman","Batsman",20,276,103.76,17.25,0,9.29654545454545,6775612.31303341,677561.231303341,0.68,0.07
"VY Mahesh","Bowler",5,15,55.56,7.5,21,8.83,2715917.16369382,271591.716369382,0.27,0.03
"Vijaykumar Vyshak","Batsman",4,14,116.67,7,17,10.38,25835086.8562899,2583508.68562899,2.58,0.26
"Virat Singh","Batsman",2,15,57.69,7.5,0,9.29654545454545,2e+05,20000,0.02,0
"Vishnu Vinod","Batsman",6,55,98.21,9.17,0,9.29654545454545,6090009.60352481,609000.960352481,0.61,0.06
"Vivrant Sharma","Batsman",1,69,146.81,69,0,12.33,2e+05,20000,0.02,0
"W Jaffer","Batsman",8,130,107.44,18.57,0,9.29654545454545,3443935.69539342,344393.569539342,0.34,0.03
"WA Mota","Batsman",8,56,74.67,11.2,4,8.08,2e+05,20000,0.02,0
"WD Parnell","Bowler",13,65,81.25,6.5,35,7.78,16750068.8307693,1675006.88307693,1.68,0.17
"WG Jacks","Batsman",19,457,151.32,28.56,8,9.57,22672593.3703129,2267259.33703129,2.27,0.23
"WP Saha","Batsman",143,2929,127.57,25.25,0,9.29654545454545,71075563.2164906,7107556.32164906,7.11,0.71
"WPUJC Vaas","Batsman",11,75,104.17,10.71,18,7.55,10858526.4286802,1085852.64286802,1.09,0.11
"Washington Sundar","All rounder",43,510,126.24,16.45,39,7.7,35717263.7961187,3571726.37961187,3.57,0.36
"X Thalaivan Sargunam","Batsman",1,10,58.82,10,0,9.29654545454545,2e+05,20000,0.02,0
"XC Bartlett","Batsman",1,11,73.33,11,2,9.6,2e+05,20000,0.02,0
"Y Gnaneswara Rao","Batsman",1,19,111.76,19,0,7,2e+05,20000,0.02,0
"Y Nagar","Batsman",20,285,110.04,20.36,4,11.36,16098123.3870459,1609812.33870459,1.61,0.16
"Y Prithvi Raj","Batsman",1,0,0,0,1,11.4,2e+05,20000,0.02,0
"Y Venugopal Rao","Batsman",52,980,117.79,23.33,6,9.36,26695507.818689,2669550.7818689,2.67,0.27
"YA Abdulla","Batsman",1,0,0,0,15,8.81,2e+05,20000,0.02,0
"YBK Jaiswal","Batsman",66,2154,152.55,34.74,0,36,148456964.541586,14845696.4541586,14.85,1.48
"YK Pathan","All rounder",153,3210,143.75,30.87,42,7.4,94676253.5148985,9467625.35148985,9.47,0.95
"YS Chahal","Bowler",16,37,43.02,6.17,221,7.96,106506171.37264,10650617.137264,10.65,1.07
"YV Dhull","Batsman",3,16,69.57,5.33,0,9.29654545454545,2e+05,20000,0.02,0
"YV Takawale","Batsman",10,191,107.91,23.88,0,9.29654545454545,885082.366876036,88508.2366876036,0.09,0.01
"Yash Dayal","Bowler",4,4,44.44,1.33,41,9.58,17360549.9511685,1736054.99511685,1.74,0.17
"Yashpal Singh","Batsman",4,47,72.31,11.75,0,9.29654545454545,2e+05,20000,0.02,0
"Younis Khan","Batsman",1,3,42.86,3,0,9.29654545454545,2e+05,20000,0.02,0
"Yudhvir Singh","Batsman",4,22,137.5,5.5,8,11,31107550.6549073,3110755.06549073,3.11,0.31
"Yuvraj Singh","All rounder",126,2742,129.65,25.63,36,7.44,80050007.1289142,8005000.71289142,8.01,0.8
"Z Khan","Bowler",27,116,82.86,8.29,102,7.59,53013291.897363,5301329.1897363,5.3,0.53
"A Nel","Batsman",0,0,106.721436699858,16.2706116642959,1,10.33,6162644.25252505,616264.425252505,0.62,0.06
"AA Kazi","Batsman",0,0,106.721436699858,16.2706116642959,0,10.5,6222657.13425079,622265.713425079,0.62,0.06
"AM Salvi","Batsman",0,0,106.721436699858,16.2706116642959,7,8,1128334.38355949,112833.438355949,0.11,0.01
"Akash Singh","Batsman",0,0,106.721436699858,16.2706116642959,9,9.54,7716367.58788578,771636.758788578,0.77,0.08
"Anand Rajan","Batsman",0,0,106.721436699858,16.2706116642959,8,8.09,1996031.78461153,199603.178461153,0.2,0.02
"Ashwani Kumar","Batsman",0,0,106.721436699858,16.2706116642959,11,11.32,15160748.7455454,1516074.87455454,1.52,0.15
"B Geeves","Batsman",0,0,106.721436699858,16.2706116642959,1,11.38,9909166.54835838,990916.654835838,0.99,0.1
"BW Hilfenhaus","Bowler",0,0,106.721436699858,16.2706116642959,22,7.73,8363446.71434003,836344.671434003,0.84,0.08
"C Ganapathy","Batsman",0,0,106.721436699858,16.2706116642959,0,13,15142948.3148063,1514294.83148063,1.51,0.15
"CJ Dala","Batsman",0,0,106.721436699858,16.2706116642959,0,11.33,9184193.80619524,918419.380619524,0.92,0.09
"CJ Green","Batsman",0,0,106.721436699858,16.2706116642959,0,8.47,2e+05,20000,0.02,0
"D Jansen","Batsman",0,0,106.721436699858,16.2706116642959,1,13.25,16581544.3514139,1658154.43514139,1.66,0.17
"E Malinga","Batsman",0,0,106.721436699858,16.2706116642959,13,8.92,7690403.04931615,769040.304931615,0.77,0.08
"GS Sandhu","Batsman",0,0,106.721436699858,16.2706116642959,1,10.25,5877194.93474727,587719.493474727,0.59,0.06
"Gagandeep Singh","Batsman",0,0,106.721436699858,16.2706116642959,3,10.07,6328067.80685134,632806.780685134,0.63,0.06
"Gurnoor Brar","Batsman",0,0,106.721436699858,16.2706116642959,0,14,18711064.7870286,1871106.47870286,1.87,0.19
"H Sharma","Batsman",0,0,106.721436699858,16.2706116642959,0,11.4,9433961.95925079,943396.195925079,0.94,0.09
"Harsh Dubey","Batsman",0,0,106.721436699858,16.2706116642959,5,9.8,6457810.19645542,645781.019645542,0.65,0.06
"IC Porel","Batsman",0,0,106.721436699858,16.2706116642959,1,9.75,4093136.69863616,409313.669863616,0.41,0.04
"J Little","Batsman",0,0,106.721436699858,16.2706116642959,11,8.92,6597269.21221207,659726.921221207,0.66,0.07
"JW Hastings","Batsman",0,0,106.721436699858,16.2706116642959,3,6.83,2e+05,20000,0.02,0
"Jalaj S Saxena","Batsman",0,0,106.721436699858,16.2706116642959,0,9,870482.425917458,87048.2425917458,0.09,0.01
"K Khejroliya","Batsman",0,0,106.721436699858,16.2706116642959,6,10.62,9930232.62222967,993023.262222967,0.99,0.1
"K Santokie","Batsman",0,0,106.721436699858,16.2706116642959,3,11.25,10538445.2440736,1053844.52440736,1.05,0.11
"Karim Janat","Batsman",0,0,106.721436699858,16.2706116642959,0,30,75800928.3425841,7580092.83425841,7.58,0.76
"LI Meriwala","Batsman",0,0,106.721436699858,16.2706116642959,1,10.67,7375803.8530806,737580.38530806,0.74,0.07
"M Pathirana","Bowler",0,0,106.721436699858,16.2706116642959,47,8.68,25417330.326752,2541733.0326752,2.54,0.25
"M Siddharth","Batsman",0,0,106.721436699858,16.2706116642959,3,8.62,1154298.92212912,115429.892212912,0.12,0.01
"MB Parmar","Batsman",0,0,106.721436699858,16.2706116642959,0,11,8006715.37036191,800671.537036191,0.8,0.08
"MG Neser","Batsman",0,0,106.721436699858,16.2706116642959,0,15.5,24063239.4953619,2406323.94953619,2.41,0.24
"MJ Henry","Batsman",0,0,106.721436699858,16.2706116642959,2,10.65,7851008.4421882,785100.84421882,0.79,0.08
"MP Yadav","Batsman",0,0,106.721436699858,16.2706116642959,9,9.17,6396164.49316357,639616.449316357,0.64,0.06
"Monu Kumar","Batsman",0,0,106.721436699858,16.2706116642959,0,10,4438598.89813968,443859.889813968,0.44,0.04
"N Burger","Batsman",0,0,106.721436699858,16.2706116642959,7,8.53,3019436.11383726,301943.611383726,0.3,0.03
"N Thushara","Batsman",0,0,106.721436699858,16.2706116642959,9,9.43,7323874.77594134,732387.477594134,0.73,0.07
"NA Saini","Batsman",0,0,106.721436699858,16.2706116642959,0,17,29415414.2036952,2941541.42036952,2.94,0.29
"NB Singh","Batsman",0,0,106.721436699858,16.2706116642959,1,3.75,2e+05,20000,0.02,0
"O Thomas","Batsman",0,0,106.721436699858,16.2706116642959,5,7.9,2e+05,20000,0.02,0
"P Amarnath","Batsman",0,0,106.721436699858,16.2706116642959,7,10.73,10869292.3527262,1086929.23527262,1.09,0.11
"P Prasanth","Batsman",0,0,106.721436699858,16.2706116642959,0,18,32983530.6759175,3298353.06759175,3.3,0.33
"P Suyal","Batsman",0,0,106.721436699858,16.2706116642959,2,9.44,3533587.51079931,353358.751079931,0.35,0.04
"PH Solanki","Batsman",0,0,106.721436699858,16.2706116642959,2,6.33,2e+05,20000,0.02,0
"R Goyal","Batsman",0,0,106.721436699858,16.2706116642959,0,8.25,2e+05,20000,0.02,0
"RA Shaikh","Batsman",0,0,106.721436699858,16.2706116642959,0,11,8006715.37036191,800671.537036191,0.8,0.08
"RR Bose","Batsman",0,0,106.721436699858,16.2706116642959,0,12,11574831.8425841,1157483.18425841,1.16,0.12
"RS Hangargekar","Batsman",0,0,106.721436699858,16.2706116642959,3,10,6078299.65379579,607829.965379579,0.61,0.06
"RW Price","Batsman",0,0,106.721436699858,16.2706116642959,0,11,8006715.37036191,800671.537036191,0.8,0.08
"S Joseph","Batsman",0,0,106.721436699858,16.2706116642959,0,11.75,10682802.7245286,1068280.27245286,1.07,0.11
"S Midhun","Batsman",0,0,106.721436699858,16.2706116642959,0,13.5,16927006.5509175,1692700.65509175,1.69,0.17
"S Sandeep Warrier","Batsman",0,0,106.721436699858,16.2706116642959,8,9.04,5385742.43322263,538574.243322263,0.54,0.05
"SC Kuggeleijn","Batsman",0,0,106.721436699858,16.2706116642959,2,8.88,1535442.28635487,153544.228635487,0.15,0.02
"SM Boland","Batsman",0,0,106.721436699858,16.2706116642959,2,7.71,2e+05,20000,0.02,0
"SS Agarwal","Batsman",0,0,106.721436699858,16.2706116642959,1,10.5,6769224.05280283,676922.405280283,0.68,0.07
"SS Mundhe","Batsman",0,0,106.721436699858,16.2706116642959,1,6,2e+05,20000,0.02,0
"SS Sarkar","Batsman",0,0,106.721436699858,16.2706116642959,1,8.16,2e+05,20000,0.02,0
"SSB Magala","Batsman",0,0,106.721436699858,16.2706116642959,1,8.5,2e+05,20000,0.02,0
"Suyash Sharma","Batsman",0,0,106.721436699858,16.2706116642959,18,8.75,9816657.84179856,981665.784179856,0.98,0.1
"TP Sudhindra","Batsman",0,0,106.721436699858,16.2706116642959,1,11.66,10908239.1605806,1090823.91605806,1.09,0.11
"Tejas Baroka","Batsman",0,0,106.721436699858,16.2706116642959,0,9.43,2404772.50897301,240477.250897301,0.24,0.02
"V Kaverappa","Batsman",0,0,106.721436699858,16.2706116642959,2,9,1963616.26302153,196361.626302153,0.2,0.02
"V Puthur","Batsman",0,0,106.721436699858,16.2706116642959,6,9.08,4435333.25500746,443533.325500746,0.44,0.04
"W O'Rourke","Batsman",0,0,106.721436699858,16.2706116642959,6,12.77,17601683.0375074,1760168.30375075,1.76,0.18
"Yash Thakur","Bowler",0,0,106.721436699858,16.2706116642959,25,10.43,19637061.9449961,1963706.19449961,1.96,0.2
"Zeeshan Ansari","Batsman",0,0,106.721436699858,16.2706116642959,6,9.84,7147101.77389634,714710.177389634,0.71,0.07
